<?xml version="1.0" encoding="UTF-8"?>
<project-private xmlns="http://www.netbeans.org/ns/project-private/1">
    <editor-bookmarks xmlns="http://www.netbeans.org/ns/editor-bookmarks/2" lastBookmarkId="0"/>
    <open-files xmlns="http://www.netbeans.org/ns/projectui-open-files/2">
        <group>
            <file>file:/C:/Users/Waqar/Documents/NetBeansProjects/Quiz%20%20Management%20System/src/successfullySubmited.java</file>
            <file>file:/C:/Users/Waqar/Documents/NetBeansProjects/Quiz%20%20Management%20System/src/quizExamStudent.java</file>
            <file>file:/C:/Users/Waqar/Documents/NetBeansProjects/Quiz%20%20Management%20System/src/addNewQuestion.java</file>
            <file>file:/C:/Users/Waqar/Documents/NetBeansProjects/Quiz%20%20Management%20System/src/login.png</file>
            <file>file:/C:/Users/Waqar/Documents/NetBeansProjects/Quiz%20%20Management%20System/src/project/ConnectionProvider.java</file>
            <file>file:/C:/Users/Waqar/Documents/NetBeansProjects/Quiz%20%20Management%20System/src/studentDetails.java</file>
            <file>file:/C:/Users/Waqar/Documents/NetBeansProjects/Quiz%20%20Management%20System/src/instructionStudent.java</file>
            <file>file:/C:/Users/Waqar/Documents/NetBeansProjects/Quiz%20%20Management%20System/src/AllStudentResult.java</file>
            <file>file:/C:/Users/Waqar/Documents/NetBeansProjects/Quiz%20%20Management%20System/src/LoginAdmin.java</file>
            <file>file:/C:/Users/Waqar/Documents/NetBeansProjects/Quiz%20%20Management%20System/src/login%20Background.PNG</file>
            <file>file:/C:/Users/Waqar/Documents/NetBeansProjects/Quiz%20%20Management%20System/src/quiz/management/system/QuizManagementSystem.java</file>
            <file>file:/C:/Users/Waqar/Documents/NetBeansProjects/Quiz%20%20Management%20System/src/allQuestion.java</file>
            <file>file:/C:/Users/Waqar/Documents/NetBeansProjects/Quiz%20%20Management%20System/src/index.java</file>
            <file>file:/C:/Users/Waqar/Documents/NetBeansProjects/Quiz%20%20Management%20System/src/updateQuestion.java</file>
            <file>file:/C:/Users/Waqar/Documents/NetBeansProjects/Quiz%20%20Management%20System/src/Adminhome.java</file>
            <file>file:/C:/Users/Waqar/Documents/NetBeansProjects/Quiz%20%20Management%20System/src/deleteQuestion.java</file>
        </group>
    </open-files>
</project-private>
